{
    "0": {
        "precision": 0.3187028235951915,
        "recall": 0.5004389815627743,
        "f1-score": 0.38941076003415886,
        "support": 2278.0
    },
    "1": {
        "precision": 0.5857473928157589,
        "recall": 0.43700021612275775,
        "f1-score": 0.500556999628667,
        "support": 4627.0
    },
    "2": {
        "precision": 0.4182250935056103,
        "recall": 0.401305057096248,
        "f1-score": 0.4095904095904096,
        "support": 3065.0
    },
    "accuracy": 0.44052156469408227,
    "macro avg": {
        "precision": 0.4408917699721869,
        "recall": 0.44624808492726004,
        "f1-score": 0.43318605641774516,
        "support": 9970.0
    },
    "weighted avg": {
        "precision": 0.47323150755296467,
        "recall": 0.44052156469408227,
        "f1-score": 0.4471965450385417,
        "support": 9970.0
    }
}