{
    "0": {
        "precision": 0.4283327764784497,
        "recall": 0.5627743634767339,
        "f1-score": 0.4864352115348131,
        "support": 2278.0
    },
    "1": {
        "precision": 0.6764472640761301,
        "recall": 0.5530581370218284,
        "f1-score": 0.6085612366230678,
        "support": 4627.0
    },
    "2": {
        "precision": 0.5366311834690044,
        "recall": 0.5592169657422512,
        "f1-score": 0.5476913244927305,
        "support": 3065.0
    },
    "accuracy": 0.5571715145436309,
    "macro avg": {
        "precision": 0.5471370746745281,
        "recall": 0.5583498220802712,
        "f1-score": 0.5475625908835372,
        "support": 9970.0
    },
    "weighted avg": {
        "precision": 0.5767741357101968,
        "recall": 0.5571715145436309,
        "f1-score": 0.5619444496791833,
        "support": 9970.0
    }
}