{
    "0": {
        "precision": 0.30969510106200754,
        "recall": 0.3968393327480246,
        "f1-score": 0.34789301520107757,
        "support": 2278.0
    },
    "1": {
        "precision": 0.5255513717052178,
        "recall": 0.633455802896045,
        "f1-score": 0.5744805958447667,
        "support": 4627.0
    },
    "2": {
        "precision": 0.3283582089552239,
        "recall": 0.15791190864600327,
        "f1-score": 0.2132628332231769,
        "support": 3065.0
    },
    "accuracy": 0.43319959879638914,
    "macro avg": {
        "precision": 0.38786822724081643,
        "recall": 0.3960690147633576,
        "f1-score": 0.3785454814230071,
        "support": 9970.0
    },
    "weighted avg": {
        "precision": 0.41560978410702687,
        "recall": 0.43319959879638914,
        "f1-score": 0.41166224568012316,
        "support": 9970.0
    }
}