{
    "0": {
        "precision": 0.31327287716405605,
        "recall": 0.5004389815627743,
        "f1-score": 0.38533040392090584,
        "support": 2278.0
    },
    "1": {
        "precision": 0.5771712158808933,
        "recall": 0.5027015344715798,
        "f1-score": 0.537368603442301,
        "support": 4627.0
    },
    "2": {
        "precision": 0.4037375054324207,
        "recall": 0.3030995106035889,
        "f1-score": 0.3462541930674618,
        "support": 3065.0
    },
    "accuracy": 0.4408224674022066,
    "macro avg": {
        "precision": 0.4313938661591233,
        "recall": 0.43541334221264766,
        "f1-score": 0.42298440014355626,
        "support": 9970.0
    },
    "weighted avg": {
        "precision": 0.46355689911845366,
        "recall": 0.4408224674022066,
        "f1-score": 0.44387726078346246,
        "support": 9970.0
    }
}