{
    "0": {
        "precision": 0.33914053426248547,
        "recall": 0.3845478489903424,
        "f1-score": 0.3604196667352397,
        "support": 2278.0
    },
    "1": {
        "precision": 0.5402538359537791,
        "recall": 0.6163821050356603,
        "f1-score": 0.5758126388047647,
        "support": 4627.0
    },
    "2": {
        "precision": 0.3738140417457306,
        "recall": 0.2570962479608483,
        "f1-score": 0.3046588053353953,
        "support": 3065.0
    },
    "accuracy": 0.45295887662988965,
    "macro avg": {
        "precision": 0.417736137320665,
        "recall": 0.4193420673289503,
        "f1-score": 0.4136303702917999,
        "support": 9970.0
    },
    "weighted avg": {
        "precision": 0.4431350726137154,
        "recall": 0.45295887662988965,
        "f1-score": 0.44323975114598885,
        "support": 9970.0
    }
}