{
    "Adobe": 404.90759588281713,
    "Alibaba": 124.90092335205166,
    "Alphabet": 163.36162110714815,
    "Amazon": 204.12388931943693,
    "AMD": 114.42977278184496,
    "Apple": 210.42312318646307,
    "ASML": 679.5534214525125,
    "Baidu": 90.07258665759085,
    "BYD": 107.07136863668548,
    "Cisco": 64.01739393852074,
    "ExxonMobil": 108.39837462449852,
    "Goldman Sachs": 613.0527244691675,
    "Hyundai": 52.69309616088867,
    "IBM": 265.91756851290774,
    "ICBC": 5.6350220259786505,
    "Intel": 21.557225862364906,
    "JD.com": 34.467542888444235,
    "Johnson & Johnson": 149.6889190673828,
    "JP Morgan": 266.72744768781627,
    "Louis Vuitton (LVMH)": 506.86131747734186,
    "Meta": 640.3308305486124,
    "Microsoft": 452.19470708511636,
    "Netflix": 1170.2174787956467,
    "Nintendo": 19.554499235462572,
    "NVIDIA": 133.49268404083222,
    "Oracle": 158.36661944014998,
    "Pfizer": 22.693486097658933,
    "Qualcomm": 151.77032219100568,
    "Reliance Industries": 1461.06780225144,
    "Samsung": 57375.23219838132,
    "SAP": 262.7644782022427,
    "Shell": 2475.543151844895,
    "Siemens": 221.38994960761403,
    "SoftBank": 7820.781001526565,
    "Sony": 24.778481197260902,
    "Tata Consultancy Services": 3591.2255460790093,
    "Tencent": 66.23431470885389,
    "Tesla": 338.77031630128755,
    "TotalEnergies": 52.83282806911371,
    "Toyota": 182.86115431926999,
    "Visa": 361.20093175959033
}